protocol,domain_name,address,long_url,having_@_symbol,redirection_//_symbol,prefix_suffix_seperation,sub_domains,having_ip_address,shortening_service,https_token,abnormal_url,web_traffic,domain_registration_length,age_of_domain,dns_record,statistical_report
http,www.liquidgeneration.com,,0,0,0,0,0,0,0,1,1,2,1,1,1,0
http,www.onlineanime.org,,0,0,0,0,0,0,0,1,1,1,1,1,1,1
http,www.ceres.dti.ne.jp,~nekoi/senno/senfirst.html,0,0,0,0,1,0,0,1,1,0,1,1,1,0
http,www.galeon.com,kmh/,0,0,0,0,0,0,0,1,1,0,1,1,1,0
http,www.fanworkrecs.com,,0,0,0,0,0,0,0,1,1,1,1,1,1,0
http,www.animehouse.com,,0,0,0,0,0,0,0,1,1,1,1,1,1,1
http,www2.117.ne.jp,~mb1996ax/enadc.html,0,0,0,0,2,0,0,1,1,2,1,1,1,0
http,archive.rhps.org,fritters/yui/index.html,0,0,0,0,0,0,0,1,1,2,1,1,1,0
http,www.freecartoonsex.com,,0,0,0,0,0,0,1,1,1,1,1,1,1,0
http,www.cutepet.org,,0,0,0,0,0,0,0,1,1,2,1,1,1,0
http,www.taremeparadise.com,,0,0,0,0,0,0,0,1,1,2,1,1,1,0
http,www.internetdump.com,users/pornographite/index1.html,0,0,0,0,0,0,0,1,1,2,1,1,1,0
http,www.iei.net,~bkos1/velneko.htm,0,0,0,0,0,0,0,1,1,1,1,1,1,1
http,www9.kinghost.com,fetish/hentaibee/,0,0,0,0,0,0,1,1,1,0,1,1,1,0
http,www.jasonmeador.com,,0,0,0,0,0,0,0,1,1,1,1,1,1,0
http,www.geocities.com,kaseychan17/index.html,0,0,0,0,0,0,0,1,1,0,1,1,1,0
http,www.angelfire.com,journal/coldlemonade/index.html,0,0,0,0,0,0,0,1,1,0,1,1,1,0
http,e.webring.com,hub?sid=&amp;ring=hentff98&amp;id=&amp;list,0,0,0,0,0,0,0,1,1,2,1,1,1,0
http,j-heaven.tripod.com,library.htm,0,0,0,1,0,0,0,1,1,1,1,1,1,0
http,www.angelfire.com,poetry/nicolesstories/,0,0,0,0,0,0,0,1,1,0,1,1,1,0
http,thesheeparecoming.tripod.com,papercrane/,0,0,0,0,0,0,0,1,1,1,1,1,1,0
http,www.geocities.com,eddie_monsoon2002/,0,0,0,0,0,0,0,1,1,0,1,1,1,0
http,www.shokushu.com,,0,0,0,0,0,0,0,1,1,2,1,1,1,0
http,www.geocities.com,timessquare/arcade/7810/p_hgames.htm,0,0,0,0,0,0,0,1,1,0,1,1,1,0
http,www.hentaisocialclub.com,ganguro/index.html,0,0,0,0,0,0,0,1,1,2,1,1,1,0
http,ryogamasaki.netfirms.com,,0,0,0,0,0,0,0,1,1,0,1,1,1,1
http,members.tripod.com,~chaz16/3.html,0,0,0,0,0,0,0,1,1,0,1,1,1,0
http,www.hentai-comics.com,,0,0,0,1,0,0,0,1,1,2,1,1,1,0
http,www.jastusa.com,,0,0,0,0,0,0,0,1,1,2,1,1,1,0
http,www.peachprincess.com,,0,0,0,0,0,0,0,1,1,2,1,1,1,0
http,www.hentai-games.com,,0,0,0,1,0,0,0,1,1,1,1,1,1,0
http,www.himeyashop.com,,0,0,0,0,0,0,0,1,1,2,1,1,1,0
http,www.jlist.com,,0,0,0,0,0,0,1,1,1,0,1,1,1,0
http,www.clubspooey.com,spooey/,0,0,0,0,0,0,0,1,1,1,1,1,1,0
http,www.densetsu.com,,0,0,0,0,0,0,0,1,1,2,1,1,1,0
http,www.animetric.com,bgames.html,0,0,0,0,0,0,0,1,1,2,1,1,1,0
http,www.jmate.com,home.html,0,0,0,0,0,0,0,1,1,2,1,1,1,0
http,www.three-musketeers.net,mike/animeopinions.html,0,0,0,1,0,0,0,1,1,1,1,1,1,0
http,www.somethingawful.com,hentai/,0,0,0,0,0,0,0,1,1,1,1,1,1,0
http,www.geocities.com,aetus_kane/reviews.html,0,0,0,0,0,0,0,1,1,0,1,1,1,0
http,www.hentaineko.com,html_peekv/peek_vgames.shtml,0,0,0,0,0,0,0,1,1,2,1,1,1,0
http,www.asahi-net.or.jp,~uz9y-ab/yaoicomic.htm,0,0,0,1,2,0,0,1,1,0,1,1,1,0
http,www.geocities.com,tokyo/villa/9953/yaoimain.html,0,0,0,0,0,0,0,1,1,0,1,1,1,0
http,www.commonastherain.com,eros.html,0,0,0,0,0,0,0,1,1,1,1,1,1,0
http,www.angelfire.com,anime3/hoshinokaze/,0,0,0,0,0,0,0,1,1,0,1,1,1,0
http,www.discarnate.com,boysnextdoor/,0,0,0,0,0,0,0,1,1,1,1,1,1,0
http,www.geocities.com,spirestudio/index.htm,0,0,0,0,0,0,0,1,1,0,1,1,1,0
http,www.angelfire.com,me3/mandaplay/index.html,0,0,0,0,0,0,0,1,1,0,1,1,1,0
http,www.geocities.com,tokyo/courtyard/9155/carosmen.htm,0,0,0,0,0,0,0,1,1,0,1,1,1,0
http,members.tripod.com,~cheekokr/enter.html,0,0,0,0,0,0,0,1,1,0,1,1,1,0
http,www.aoihayashi.com,,0,0,0,0,0,0,0,1,1,1,1,1,1,0
http,www.geocities.com,shinji_is_my_man/,0,0,0,0,0,0,0,1,1,0,1,1,1,0
http,www.cruelangel.net,divinitas/,0,0,0,0,0,0,0,1,1,1,1,1,1,1
http,death_of_ase.tripod.com,dt/twisteddesire.html,0,0,0,0,0,0,0,1,1,1,1,1,1,0
http,www.orchidveil.net,trapdoor/,0,0,0,0,0,0,0,1,1,1,1,1,1,0
http,www.geocities.com,roryheadmav/main.html,0,0,0,0,0,0,0,1,1,0,1,1,1,0
http,www.angelfire.com,anime4/wildefyre/,0,0,0,0,0,0,0,1,1,0,1,1,1,0
http,www.angelfire.com,goth2/azrael/,0,0,0,0,0,0,0,1,1,0,1,1,1,0
http,m.webring.com,hub?ring=yaoi28,0,0,0,0,0,0,0,1,1,2,1,1,1,0
http,onami.free.fr,,0,0,0,0,0,0,0,1,1,2,1,1,1,0
http,www.geocities.com,obsidianblaze/,0,0,0,0,0,0,0,1,1,0,1,1,1,0
http,p080.ezboard.com,badragonballyaoirpg,0,0,0,0,0,0,0,1,1,2,1,1,1,1
http,www.pureyaoi.org,,0,0,0,0,0,0,0,1,1,1,1,1,1,1
http,www.clubclassic.net,yaoi.html,0,0,0,0,0,0,0,1,1,1,1,1,1,0
http,www.geocities.com,apple_toh/index.html,0,0,0,0,0,0,0,1,1,0,1,1,1,0
http,www.gongaga.com,,0,0,0,0,0,0,0,1,1,2,1,1,1,0
http,www.angelfire.com,goth/doujinshi_rapture/,0,0,0,0,0,0,0,1,1,0,1,1,1,0
http,geocities.com,plugplaymanga/,0,0,0,0,0,0,0,1,1,0,1,1,1,0
http,www.kinu-sekigushi.com,,0,0,0,1,0,0,0,1,1,1,1,1,1,0
http,www.geocities.com,can_it_be_sin/index_2.html,0,0,0,0,0,0,0,1,1,0,1,1,1,0
http,community.livejournal.com,jrockyaoi/,0,0,0,0,0,0,0,1,1,1,1,1,1,0
http,arachnoid.reverie-noire.com,,0,0,0,1,0,0,0,1,1,1,1,1,1,1
http,totchi.tripod.com,,0,0,0,0,0,0,0,1,1,1,1,1,1,0
http,home.arcor.de,jrock-yaoi/index2.htm,0,0,0,0,0,0,0,1,1,0,1,1,1,0
http,www.dtwins.co.uk,jfic/efiction30/index.php,0,0,0,0,2,0,0,1,1,2,1,1,1,0
http,members.tripod.com,starchan/,0,0,0,0,0,0,0,1,1,0,1,1,1,0
http,www.geocities.com,hushie_hush/,0,0,0,0,0,0,0,1,1,0,1,1,1,0
http,www.cursedmoons.com,,0,0,0,0,0,0,0,1,1,1,1,1,1,0
http,www.worldshaking.net,,0,0,0,0,0,0,0,1,1,1,1,1,1,0
http,www.shoujoai.com,,0,0,0,0,0,0,0,1,1,1,1,1,1,0
http,www.angelfire.com,anime2/yurifics/index.html,0,0,0,0,0,0,0,1,1,0,1,1,1,0
http,groups.yahoo.com,group/lilypetalsandfallendewdrops/,0,0,0,0,0,0,0,1,1,0,1,1,1,0
http,www.privateholes.com,anime/anime-sex/index6.html,0,0,0,0,0,0,0,1,1,2,1,1,1,0
http,www.privateholes.com,anime/anime-asia/index6.html,0,0,0,0,0,0,0,1,1,2,1,1,1,0
http,www.anime-hentai-cartoons.com,,0,0,0,1,0,0,0,1,1,1,1,1,1,1
http,idd00788.eresmas.net,,0,0,0,0,0,0,0,1,1,2,1,1,1,0
http,www.applicot.com,,0,0,0,0,0,0,1,1,1,1,1,1,1,0
http,adultcompass.com,avs/0/1/acw/index.html,0,0,0,0,0,0,0,1,1,2,1,1,1,0
http,www.adult-anime-hentai.com,,0,0,0,1,0,0,0,1,1,1,1,1,1,1
http,www.emuck.com:3000,archive/egan.html,0,0,0,0,0,0,0,1,1,1,1,1,1,1
http,danoday.com,summit.shtml,0,0,0,0,0,0,0,1,1,2,1,1,1,0
http,groups.yahoo.com,group/voice_actor_appreciation/links/events_and_appearanc_000985383761/,2,0,0,0,0,0,0,1,1,1,1,1,1,0
http,voice-international.com,,0,0,0,1,0,0,0,1,1,1,1,1,1,0
http,www.livinglegendsltd.com,,0,0,0,0,0,0,0,1,1,1,1,1,1,0
http,voicechasers.com,forum/viewforum.php?f=8,0,0,0,0,0,0,0,1,1,2,1,1,1,0
http,hollywoodcollectorshow.com,,0,0,0,0,0,0,0,1,1,1,1,1,1,0
http,www.geocities.com,hollywood/hills/8944/,0,0,0,0,0,0,0,1,1,0,1,1,1,0
http,asifa.proboards61.com,index.cgi?action=calendarviewall,0,0,0,0,0,0,0,1,1,2,1,1,1,0
http,groups.yahoo.com,group/voice_actor_appreciation/cal///group/voice_actor_appreciation/?v=42&amp;pos=,1,0,0,0,0,0,0,1,1,0,1,1,1,0
http,us.imdb.com,name/nm0267724/,0,0,0,0,0,0,0,1,1,0,1,1,1,0
http,www.pamelynferdin.com,,0,0,0,0,0,0,0,1,1,2,1,1,1,0
http,www.pamferdin.com,,0,0,0,0,0,0,0,1,1,1,1,1,1,0
http,www.monkeydog.com,,0,0,0,0,0,0,0,1,1,1,1,1,1,0
http,teamknightrider.com,cast/plato/plato.html,0,0,0,0,0,0,0,1,1,1,1,1,1,1
http,us.imdb.com,name/nm0281486/,0,0,0,0,0,0,0,1,1,0,1,1,1,0
http,anp.awn.com,anifest-3.html,0,0,0,0,0,0,0,1,1,0,1,1,1,1
http,www.awn.com,mag/issue1.7/articles/kowlaskidi1.7.html,0,0,0,0,0,0,0,1,1,1,1,1,1,0
http,www.awn.com,mag/issue2.7/2.7pages/2.7jacksonjones.html,0,0,0,0,0,0,0,1,1,0,1,1,1,0
http,www.awn.com,mag/issue1.9/articles/kowlagrinch1.9.html,0,0,0,0,0,0,0,1,1,0,1,1,1,0
http,us.imdb.com,name/nm0004931/,0,0,0,0,0,0,0,1,1,0,1,1,1,0
http,www.voicechasers.com,database/showactor.php?actorid=1251,0,0,0,0,0,0,0,1,1,2,1,1,1,0
http,www.vortex.com,av.html#jayward1,0,0,0,0,0,0,1,1,1,2,1,1,1,0
http,starbulletin.com,96/07/11/features/story3.html,0,0,0,0,0,0,0,1,1,1,1,1,1,0
http,anp.awn.com,juneforay.html,0,0,0,0,0,0,0,1,1,0,1,1,1,1
http,www.cerias.purdue.edu,homes/spaf/yucks/v2/msg00061.html,0,0,0,0,2,0,0,1,1,0,1,1,1,0
http,www.awn.com,mag/issue5.03/5.03pages/evanierforay.php3,0,0,0,0,0,0,0,1,1,0,1,1,1,0
http,www.awn.com,mag/issue4.02/4.02pages/foraylittlejohn.php3,0,0,0,0,0,0,0,1,1,0,1,1,1,0
http,archives.seattletimes.nwsource.com,cgi-bin/texis.cgi/web/vortex/display?slug=voic29&amp;date=20000629,2,0,0,0,2,0,0,1,1,2,1,1,1,0
http,www.geocities.com,enchantedforest/dell/8545/fraley.html,0,0,0,0,0,0,0,1,1,0,1,1,1,0
http,us.imdb.com,name/nm0289710/,0,0,0,0,0,0,0,1,1,0,1,1,1,0
http,www.voicechasers.com,database/showactor.php?actorid=1133,0,0,0,0,0,0,0,1,1,2,1,1,1,0
http,patfraley.com,,0,0,0,0,0,0,0,1,1,2,1,1,1,0
http,nerf-herders-anonymous.net,patfraley.html,0,0,0,1,0,0,0,1,1,2,1,1,1,0
http,www.vasta.org,professional_index/fraleyp.html,0,0,0,0,0,0,0,1,1,2,1,1,1,0
http,news.toonzone.net,2000/oct/27/hearing_voices.php#pat_on_the_head,0,0,0,0,0,0,0,1,1,2,1,1,1,0
http,members.tripod.com,~leemichaelwithers/sfh.htm,0,0,0,0,0,0,0,1,1,0,1,1,1,0
http,www.radiospirits.com,onradio/meethost_sf.asp,0,0,0,0,0,0,0,1,1,2,1,1,1,0
http,us.imdb.com,name/nm0292677/,0,0,0,0,0,0,0,1,1,0,1,1,1,0
http,freberg.westnet.com,,0,0,0,0,0,0,1,1,1,2,1,1,1,0
http,www.aarp.org,mmaturity/mar_apr00_preview/creators.html#freberg,0,0,0,0,0,0,0,1,1,0,1,1,1,0
http,www.cosmik.com,aa-october99/stan_freberg.html,0,0,0,0,0,0,0,1,1,2,1,1,1,0
http,www.tsimon.com,freberg.htm,0,0,0,0,0,0,0,1,1,2,1,1,1,0
http,www.firezine.net,issue6/fz6_07.htm,0,0,0,0,0,0,0,1,1,1,1,1,1,0
http,www.thehutch.com,rabhutch/freberg.htm,0,0,0,0,0,0,0,1,1,1,1,1,1,0
http,www.povonline.com,cols/col051.htm,0,0,0,0,0,0,0,1,1,1,1,1,1,0
http,www.povonline.com,2001/news060901.htm,0,0,0,0,0,0,0,1,1,1,1,1,1,0
http,www.austinchronicle.com,issues/dispatch/1999-12-10/music_feature3.html,0,0,0,0,0,0,0,1,1,0,1,1,1,0
http,www.dawsbutler.com,freberg.htm,0,0,0,0,0,0,0,1,1,2,1,1,1,0
http,freberg.westnet.com,list.html,0,0,0,0,0,0,1,1,1,2,1,1,1,0
http,www.rhino.com,features/75645p.html,0,0,0,0,0,0,0,1,1,2,1,1,1,0
http,hitcomedy.com,index.html?/act/freberg/,0,0,0,0,0,0,0,1,1,1,1,1,1,0
http,www.cyberonic.net,~atrain/comedy/freberg.htm,0,0,0,0,0,0,0,1,1,2,1,1,1,0
http,www.povonline.com,cols/col102.htm,0,0,0,0,0,0,0,1,1,1,1,1,1,0
http,freberg.westnet.com,hear_it.html,0,0,0,0,0,0,1,1,1,2,1,1,1,0
http,www.epinions.com,musc-album-musc-freberg__stan/tk_~mm032.1.2,0,0,0,0,0,0,0,1,1,2,1,1,1,0
http,citypaper.net,articles/091699/mus.stan.shtml,0,0,0,0,0,0,0,1,1,1,1,1,1,0
http,www.crispinfreeman.com,,0,0,0,0,0,0,0,1,1,2,1,1,1,0
http,www.reelradio.com,gifts/frees.html,0,0,0,0,0,0,0,1,1,2,1,1,1,0
http,www.spookytoms.com,paul_frees_tribute.html,0,0,0,0,0,0,0,1,1,1,1,1,1,0
http,www.hollowhill.com,gm/library/frees.htm,0,0,0,0,0,0,0,1,1,2,1,1,1,0
http,www.dvdtalk.com,dvdsavant/s74frees.html,0,0,0,0,0,0,0,1,1,0,1,1,1,0
http,us.imdb.com,name/nm0293659/,0,0,0,0,0,0,0,1,1,0,1,1,1,0
http,www.voicechasers.com,database/showactor.php?actorid=1248,0,0,0,0,0,0,0,1,1,2,1,1,1,0
http,bakerstreetdozen.com,frewernews.html,0,0,0,0,0,0,0,1,1,2,1,1,1,0
http,us.imdb.com,name/nm0001242/,0,0,0,0,0,0,0,1,1,0,1,1,1,0
http,www.geocities.com,enchantedforest/dell/8545/va.html,0,0,0,0,0,0,0,1,1,0,1,1,1,0
http,www.angelfire.com,ut/rtoons/actors.html,0,0,0,0,0,0,0,1,1,0,1,1,1,0
http,www.geocities.com,hollywood/lot/2636/voiceacting/,0,0,0,0,0,0,0,1,1,0,1,1,1,0
http,www.geocities.com,philbass_2000/narrators.html,0,0,0,0,0,0,0,1,1,0,1,1,1,0
http,doreen.mkbmemorial.com,,0,0,0,0,0,0,0,1,1,2,1,1,1,0
http,www.geocities.com,televisioncity/taping/6785/index.html,0,0,0,0,0,0,0,1,1,0,1,1,1,0
http,www.keyframeonline.com,kf.php?op=voic,0,0,0,0,0,0,0,1,1,2,1,1,1,0
http,www.voicechasers.com,,0,0,0,0,0,0,0,1,1,2,1,1,1,0
http,us.imdb.com,name/nm0304000/,0,0,0,0,0,0,0,1,1,0,1,1,1,0
http,www.taoslandandfilm.com,bradentnwkly.html,0,0,0,0,0,0,0,1,1,2,1,1,1,0
http,us.imdb.com,name/nm0004951/,0,0,0,0,0,0,0,1,1,0,1,1,1,0
http,kathygarver.com,,0,0,0,0,0,0,0,1,1,2,1,1,1,0
http,us.imdb.com,name/nm0308744/,0,0,0,0,0,0,0,1,1,0,1,1,1,0
http,www.dickgautier.com,,0,0,0,0,0,0,0,1,1,1,1,1,1,0
http,www.dangilvezan.com,,0,0,0,0,0,0,0,1,1,1,1,1,1,0
http,us.imdb.com,name/nm0319737/,0,0,0,0,0,0,0,1,1,0,1,1,1,0
http,us.imdb.com,name/nm0330015/,0,0,0,0,0,0,0,1,1,0,1,1,1,0
http,www.tv-now.com,stars/gotfried.html,0,0,0,1,0,0,0,1,1,1,1,1,1,0
http,www.cdaccess.com,html/pc/midmovie.htm,0,0,0,0,0,0,0,1,1,2,1,1,1,0
http,genetic_mishap.tripod.com,landofthreenamedpeople/,0,0,0,0,0,0,0,1,1,1,1,1,1,0
http,www.angelfire.com,celeb/starzbios/gottfried_g.html,0,0,0,0,0,0,0,1,1,0,1,1,1,0
http,us.imdb.com,name/nm0331906/,0,0,0,0,0,0,0,1,1,0,1,1,1,0
http,www-tech.mit.edu,v110/n37/gilber.37a.html,0,0,0,1,0,0,0,1,1,0,1,1,1,0
http,www-tech.mit.edu,v110/n38/lsc.38a.html,0,0,0,1,0,0,0,1,1,0,1,1,1,0
http,www.octopusmediaink.com,gilbertgottfried.html,0,0,0,0,0,0,0,1,1,2,1,1,1,0
http,citypaper.net,articles/022996/article001.shtml,0,0,0,0,0,0,0,1,1,1,1,1,1,0
http,jam.canoe.ca,movies/artists/g/gottfried_gilbert/1997/02/21/758674.html,2,0,0,0,0,0,0,1,1,0,1,1,1,0
http,www.voicechasers.com,database/showactor.php?actorid=2148,0,0,0,0,0,0,0,1,1,2,1,1,1,0
http,www.kylehebert.com,,0,0,0,0,0,0,1,1,1,2,1,1,1,0
http,www.post-gazette.com,magazine/19990223voicetalent1.asp,0,0,0,1,0,0,0,1,1,0,1,1,1,0
http,www.serkworks.com,roommates/index.htm,0,0,0,0,0,0,0,1,1,2,1,1,1,0
http,www.armory.com,~keeper/jesshirt.html,0,0,0,0,0,0,0,1,1,2,1,1,1,0
http,www.voicechasers.com,database/showactor.php?actorid=1220,0,0,0,0,0,0,0,1,1,2,1,1,1,0
http,docharris.com,,0,0,0,0,0,0,0,1,1,1,1,1,1,0
http,www.lushmedia.co.uk,,0,0,0,0,2,0,0,1,1,1,1,1,1,0
http,www.dav-productions.com,,0,0,0,1,0,0,0,1,1,1,1,1,1,1
http,www.ccvideo.net,,0,0,0,0,0,0,0,1,1,1,1,1,1,0
http,www.blueyed.com,,0,0,0,0,0,0,0,1,1,2,1,1,1,0
http,www.koalatv.com,,0,0,0,0,0,0,0,1,1,2,1,1,1,0
http,www.goaggressive.com,,0,0,0,0,0,0,0,1,1,1,1,1,1,0
http,www.emblemma.com,,0,0,0,0,0,0,0,1,1,2,1,1,1,0
http,www.killingtimeproductions.com,,0,0,0,0,0,0,0,1,1,1,1,1,1,0
http,www.rollingrproductions.com,,0,0,0,0,0,0,0,1,1,1,1,1,1,0
http,www.roadrecords.com,clientlist.html,0,0,0,0,0,0,0,1,1,1,1,1,1,1
http,www.gamebeatinc.com,,0,0,0,0,0,0,0,1,1,1,1,1,1,0
http,members.tripod.com,kcepap/,0,0,0,0,0,0,0,1,1,0,1,1,1,0
http,www.audiolinks.com,,0,0,0,0,0,0,0,1,1,2,1,1,1,0
http,business.fortunecity.com,tisch/809/gold.htm,0,0,0,0,0,0,0,1,1,2,1,1,1,0
http,www.harkproductions.com,audio.html,0,0,0,0,0,0,0,1,1,2,1,1,1,0
http,www.broadsideinteractive.com,,0,0,0,0,0,0,0,1,1,1,1,1,1,0
http,www.celticharper.com,wolfhawk.html,0,0,0,0,0,0,0,1,1,2,1,1,1,0
http,www.geocities.com,svendesign/,0,0,0,0,0,0,0,1,1,0,1,1,1,0
http,www.thincgrafx.com,,0,0,0,0,0,0,1,1,1,1,1,1,1,1
http,www.vcpresentations.com,,0,0,0,0,0,0,0,1,1,1,1,1,1,1
http,www.transmediaproject.com,,0,0,0,0,0,0,1,1,1,1,1,1,1,0
http,www.informationexperts.com,,0,0,0,0,0,0,0,1,1,1,1,1,1,0
http,www.pluribusmedia.com,,0,0,0,0,0,0,0,1,1,1,1,1,1,0
http,www.e-nimation.com,,0,0,0,1,0,0,0,1,1,1,1,1,1,0
http,www.somme.no,,0,0,0,0,0,0,0,1,1,1,1,1,1,0
http,paulmaple.co.uk,media/,0,0,0,0,0,0,0,1,1,1,1,1,1,0
http,www.cell-media.com,,0,0,0,1,0,0,0,1,1,1,1,1,1,0
http,www.concisegroup.com,,0,0,0,0,0,0,0,1,1,2,1,1,1,0
http,www.allvid.com,,0,0,0,0,0,0,0,1,1,2,1,1,1,0
http,www.imacron.com,,0,0,0,0,0,0,0,1,1,1,1,1,1,0
http,www.reelized.com,,0,0,0,0,0,0,0,1,1,1,1,1,1,0
http,www.avrs.net,,0,0,0,0,0,0,0,1,1,1,1,1,1,0
http,www.videomagicpro.net,,0,0,0,0,0,0,0,1,1,2,1,1,1,0
http,www.swerdlow.co.uk,,0,0,0,0,2,0,0,1,1,1,1,1,1,0
http,www.jnproductions.com,,0,0,0,0,0,0,0,1,1,1,1,1,1,0
http,www.pepperjam.com,,0,0,0,0,0,0,0,1,1,1,1,1,1,0
http,www.pageviews.com,,0,0,0,0,0,0,0,1,1,1,1,1,1,0
http,www.podiums.co.uk,,0,0,0,0,2,0,0,1,1,1,1,1,1,0
http,www.pagearnold.co.uk,,0,0,0,0,2,0,0,1,1,1,1,1,1,1
http,www.quadrapromotions.com,,0,0,0,0,0,0,0,1,1,1,1,1,1,0
http,www.qxest.net,,0,0,0,0,0,0,0,1,1,1,1,1,1,1
http,www.quisma.de,,0,0,0,0,0,0,0,1,1,1,1,1,1,0
http,www.quirk.biz,,0,0,0,0,0,0,0,1,1,2,1,1,1,0
http,www.top-website-promotion.co.uk,,0,0,0,1,2,0,0,1,1,1,1,1,1,0
http,www.redcarpetweb.com,,0,0,0,0,0,0,0,1,1,2,1,1,1,0
http,www.rocketlist.com,,0,0,0,0,0,0,1,1,1,1,1,1,1,0
http,www.registersuccess.com,,0,0,0,0,0,0,0,1,1,2,1,1,1,0
http,www.raise-your-sites.co.uk,,0,0,0,1,2,0,0,1,1,1,1,1,1,0
http,www.reinventbusiness.com,,0,0,0,0,0,0,0,1,1,2,1,1,1,0
http,www.rainstormconsulting.com,,0,0,0,0,0,0,0,1,1,2,1,1,1,0
http,www.resortwebmarketing.com,,0,0,0,0,0,0,0,1,1,1,1,1,1,0
http,www.rbimedia.com,,0,0,0,0,0,0,0,1,1,1,1,1,1,0
http,www.receptional.com,,0,0,0,0,0,0,0,1,1,2,1,1,1,0
http,www.rankhigh.net,,0,0,0,0,0,0,0,1,1,1,1,1,1,0
http,www.redzoneglobal.net,,0,0,0,0,0,0,0,1,1,1,1,1,1,1
http,www.raisemyrank.com,,0,0,0,0,0,0,0,1,1,2,1,1,1,0
http,www.registereverywhere.com,,0,0,0,0,0,0,0,1,1,1,1,1,1,0
http,www.rankingman.com,,0,0,0,0,0,0,0,1,1,1,1,1,1,0
http,www.rankforsales.com,,0,0,0,0,0,0,0,1,1,1,1,1,1,0
http,www.econnects.net,,0,0,0,0,0,0,0,1,1,1,1,1,1,0
http,www.rankmagic.com,,0,0,0,0,0,0,0,1,1,2,1,1,1,0
http,www.relevanttraffic.com,,0,0,0,0,0,0,0,1,1,2,1,1,1,0
http,www.ranks.nl,consultancy/,0,0,0,0,0,0,0,1,1,2,1,1,1,0
http,www.ranbury.com,,0,0,0,0,0,0,0,1,1,1,1,1,1,0
http,www.rugles.com,,0,0,0,0,0,0,0,1,1,1,1,1,1,0
http,www.redlineseo.com,,0,0,0,0,0,0,0,1,1,1,1,1,1,0
http,www.refreshweb.com,,0,0,0,0,0,0,0,1,1,2,1,1,1,0
http,www.rstwebsolutions.com,,0,0,0,0,0,0,0,1,1,1,1,1,1,0
http,www.reidtechnologies.ca,,0,0,0,0,0,0,0,1,1,1,1,1,1,0
http,www.rtproservices.com,,0,0,0,0,0,0,0,1,1,1,1,1,1,0
http,www.room214.com,,0,0,0,0,0,0,0,1,1,2,1,1,1,0
http,www.seo-websitepromotion.com,,0,0,0,1,0,0,0,1,1,1,1,1,1,0
http,www.rankuno.com,,0,0,0,0,0,0,0,1,1,2,1,1,1,0
http,www.roadmap-placement.com,,0,0,0,1,0,0,1,1,1,1,1,1,1,0
http,www.rimmkaufman.com,,0,0,0,0,0,0,0,1,1,2,1,1,1,0
http,www.rossjackson.co.uk,,0,0,0,0,2,0,0,1,1,1,1,1,1,0
http,www.raspberrymarketing.com,,0,0,0,0,0,0,0,1,1,1,1,1,1,0
http,www.ranksubmit.com,,0,0,0,0,0,0,1,1,1,1,1,1,1,0
http,www.rankhigh.biz,,0,0,0,0,0,0,0,1,1,1,1,1,1,0
http,www.top-search-engine-ranking.co.uk,,0,0,0,1,2,0,0,1,1,1,1,1,1,1
http,www.rapidblue.co.uk,,0,0,0,0,2,0,0,1,1,1,1,1,1,1
http,www.ringjohn.com,,0,0,0,0,0,0,0,1,1,1,1,1,1,0
http,riseinteractive.com,,0,0,0,0,0,0,0,1,1,1,1,1,1,0
http,www.group41.com,,0,0,0,0,0,0,0,1,1,1,1,1,1,1
http,www.sagerock.com,,0,0,0,0,0,0,0,1,1,2,1,1,1,0
http,www.submit-url.net,,0,0,0,1,0,0,0,1,1,1,1,1,1,1
http,www.searchengineer.co.uk,,0,0,0,0,2,0,0,1,1,1,1,1,1,0
http,www.submission-pro.com,,0,0,0,1,0,0,0,1,1,1,1,1,1,0
http,www.searchenginedesign.com,,0,0,0,0,0,0,0,1,1,1,1,1,1,0
http,www.submit-pro.com,,0,0,0,1,0,0,0,1,1,1,1,1,1,0
http,www.sixtop.co.uk,,0,0,0,0,2,0,0,1,1,1,1,1,1,0
http,www.spiderbait.com,,0,0,0,0,0,0,1,1,1,1,1,1,1,0
http,www.searchintelligence.ca,,0,0,0,0,0,0,0,1,1,1,1,1,1,1
http,www.singlethrow.com,,0,0,0,0,0,0,0,1,1,2,1,1,1,0
http,www.sitelynx.com,,0,0,0,0,0,0,1,1,1,2,1,1,1,0
http,www.searchengineserious.co.uk,,0,0,0,0,2,0,0,1,1,1,1,1,1,0
http,www.submitnet.net,,0,0,0,0,0,0,0,1,1,2,1,1,1,0
http,www.searchsummit.com,,0,0,0,0,0,0,1,1,1,2,1,1,1,0
http,www.searchenginewiz.com,,0,0,0,0,0,0,0,1,1,1,1,1,1,1
http,www.slickwebz.com,,0,0,0,0,0,0,0,1,1,1,1,1,1,0
http,www.searchenginetechnologies.com,,0,0,0,0,0,0,0,1,1,1,1,1,1,1
http,www.seoanalysis.com,,0,0,0,0,0,0,0,1,1,1,1,1,1,0
http,www.searchenginepatrol.com,,0,0,0,0,0,0,0,1,1,1,1,1,1,0
http,www.searchanalysts.com,,0,0,0,0,0,0,0,1,1,1,1,1,1,0
http,www.sitesolutions.com,,0,0,0,0,0,0,0,1,1,2,1,1,1,0
http,www.stickyeyes.com,,0,0,0,0,0,0,0,1,1,1,1,1,1,0
http,www.skipechert.com,,0,0,0,0,0,0,1,1,1,1,1,1,1,0
http,www.sitepropel.com,,0,0,0,0,0,0,0,1,1,1,1,1,1,0
http,www.searchenginepeople.com,,0,0,0,0,0,0,0,1,1,0,1,1,1,0
http,www.submit-away.com,,0,0,0,1,0,0,0,1,1,1,1,1,1,0
http,www.submitawebsite.com,,0,0,0,0,0,0,0,1,1,1,1,1,1,0
http,www.superwebsitepromotion.com,,0,0,0,0,0,0,0,1,1,1,1,1,1,1
http,www.successpromotions.com,,0,0,0,0,0,0,0,1,1,1,1,1,1,0
http,www.siteblaster.co.uk,,0,0,0,0,2,0,0,1,1,1,1,1,1,1
http,www.searchinnovation.com,,0,0,0,0,0,0,0,1,1,1,1,1,1,0
http,www.submittoday.com,,0,0,0,0,0,0,0,1,1,2,1,1,1,1
http,www.searchmar.com,,0,0,0,0,0,0,0,1,1,1,1,1,1,0
http,www.seoinc.com,,0,0,0,0,0,0,0,1,1,2,1,1,1,0
http,www.foryoursoft.com,hypercalendar/,0,0,0,0,0,0,1,1,1,2,1,1,1,0
http,www.mdesoft.com,home_eng.htm,0,0,0,0,0,0,1,1,1,2,1,1,1,0
http,contactplus.com,products/freestuff/task.htm,0,0,0,0,0,0,0,1,1,2,1,1,1,0
http,www.cotton100.com,,0,0,0,0,0,0,0,1,1,2,1,1,1,0
http,www.inklineglobal.org,products/vdp/,0,0,0,0,0,0,0,1,1,1,1,1,1,0
http,www.sharewaresolutions.com,html/calendar.html,0,0,0,0,0,0,0,1,1,1,1,1,1,0
http,www.amfsoftware.com,windows/amfpim.html,0,0,0,0,0,0,0,1,1,1,1,1,1,1
http,www.idealcs.com,calendar/,0,0,0,0,0,0,0,1,1,1,1,1,1,0
http,www.zabaware.com,assistant/index.html,0,0,0,0,0,0,0,1,1,2,1,1,1,0
http,compunac.homestead.com,index.html,0,0,0,0,0,0,0,1,1,1,1,1,1,0
http,www.calendarmine.com,,0,0,0,0,0,0,0,1,1,1,1,1,1,0
http,www.hammersoftware.com,calendar.html,0,0,0,0,0,0,0,1,1,1,1,1,1,0
http,www.calendarscope.com,,0,0,0,0,0,0,0,1,1,2,1,1,1,0
http,www.zb2000.com,acecalendar.htm,0,0,0,0,0,0,0,1,1,1,1,1,1,0
http,www.daansystems.com,daancalendar/,0,0,0,0,0,0,0,1,1,2,1,1,1,0
http,hotshift.tripod.com,,0,0,0,0,0,0,0,1,1,1,1,1,1,0
http,www.twesley.com,~shiftcal/,0,0,0,0,0,0,0,1,1,1,1,1,1,0
http,www.naturcalendar.com,,0,0,0,0,0,0,0,1,1,1,1,1,1,0
http,www.calnique.com,,0,0,0,0,0,0,0,1,1,1,1,1,1,0
http,www.wallpaper-calendar.com,,0,0,0,1,0,0,0,1,1,1,1,1,1,0
http,www.vaxtech.com,birthday-reminder.htm,0,0,0,0,0,0,0,1,1,1,1,1,1,0
http,www.srosoftware.com,sro_bc.htm,0,0,0,0,0,0,0,1,1,1,1,1,1,0
http,www.cm-soft.net,index1.html,0,0,0,1,0,0,0,1,1,1,1,1,1,0
http,www.ecrew.org,,0,0,0,0,0,0,0,1,1,1,1,1,1,0
http,www.softshape.com,cham/,0,0,0,0,0,0,0,1,1,2,1,1,1,0
http,www.dummysoftware.com,clockdummy.html,0,0,0,0,0,0,0,1,1,2,1,1,1,0
http,www.cheqsoft.com,timesown.html,0,0,0,0,0,0,1,1,1,2,1,1,1,0
http,www.uk-software.com,speakingclock.htm,0,0,0,1,0,0,0,1,1,1,1,1,1,0
http,www.dillobits.com,,0,0,0,0,0,0,0,1,1,1,1,1,1,1
http,ourworld.compuserve.com,homepages/anithmi/cyclocke.htm,0,0,0,0,0,0,0,1,1,2,1,1,1,1
http,www.atomtime.com,,0,0,0,0,0,0,0,1,1,1,1,1,1,1
http,www.mtnsys.com,pages/atomicclock.htm,0,0,0,0,0,0,0,1,1,2,1,1,1,0
http,www.paraben.com,html/clock2.html,0,0,0,0,0,0,0,1,1,2,1,1,1,0
http,www.kaska.demon.co.uk,,0,0,0,0,1,0,0,1,1,0,1,1,1,0
http,www.nestersoft.com,timeleft/,0,0,0,0,0,0,1,1,1,2,1,1,1,0
http,www.chemware.co.nz,tic.htm,0,0,0,0,2,0,0,1,1,2,1,1,1,0
http,www.blueprintsoftwareworks.com,atomsync/,0,0,0,0,0,0,0,1,1,1,1,1,1,0
http,www.hoursandminutes.com,,0,0,0,0,0,0,0,1,1,1,1,1,1,0
http,www.hiclock.com,,0,0,0,0,0,0,0,1,1,1,1,1,1,0
http,www.springcreeksoftware.com,,0,0,0,0,0,0,0,1,1,1,1,1,1,0
http,timerecorder.51.net,,0,0,0,0,0,0,0,1,1,2,1,1,1,0
http,www.rayslab.com,atomic_clock/atomic_clock.html,0,0,0,0,0,0,0,1,1,1,1,1,1,1
http,www.info-pack.com,datetray/,0,0,0,1,0,0,0,1,1,1,1,1,1,0
http,www.lux-aeterna.com,clock/,0,0,0,1,0,0,0,1,1,2,1,1,1,0
http,www.enins.com,timesled/,0,0,0,0,0,0,0,1,1,1,1,1,1,0
http,www.acutesoftware.com.au,timer.html,0,0,0,0,2,0,0,1,1,2,1,1,1,0
http,www.timeutilites.com,,0,0,0,0,0,0,0,1,1,1,1,1,1,0
http,www.nehuenmultimedia.com.ar,html/atomic_clock.html,0,0,0,0,2,0,0,1,1,1,1,1,1,1
http,www.softdemon.com,clock/,0,0,0,0,0,0,0,1,1,2,1,1,1,0
http,www.timezonesforpcs.com,,0,0,0,0,0,0,0,1,1,1,1,1,1,0
http,www.xnotestopwatch.com,,0,0,0,0,0,0,0,1,1,2,1,1,1,0
http,visualversion.com,timebuddy/index.html,0,0,0,0,0,0,0,1,1,1,1,1,1,0
http,www.rpoint.com,pp/alarm-pro.aspx,0,0,0,0,0,0,1,1,1,1,1,1,1,0
http,www.lmhsoft.com,timesync/,0,0,0,0,0,0,1,1,1,2,1,1,1,0
http,www.vioio.com,mp3alarmclock.htm,0,0,0,0,0,0,0,1,1,2,1,1,1,0
http,littlemulticlock.com,littlemulticlock/files/littlemulticlock.html,0,0,0,0,0,0,0,1,1,1,1,1,1,0
http,www.shelltoys.com,speaking_clock/,0,0,0,0,0,0,0,1,1,1,1,1,1,0
http,www.basta.com,prodhoras.htm,0,0,0,0,0,0,0,1,1,2,1,1,1,0
http,www.elprime.com,,0,0,0,0,0,0,0,1,1,1,1,1,1,0
http,www.atsync.com,,0,0,0,0,0,0,0,1,1,1,1,1,1,0
http,www.12noon.com,,0,0,0,0,0,0,0,1,1,2,1,1,1,0
http,www.talkingtimekeeper.com,,0,0,0,0,0,0,0,1,1,1,1,1,1,0
http,www.thecountdownclock.com,,0,0,0,0,0,0,0,1,1,1,1,1,1,0
http,www.softros-tools.com,,0,0,0,1,0,0,0,1,1,1,1,1,1,0
http,www.saythetime.com,,0,0,0,0,0,0,0,1,1,2,1,1,1,0
http,www.utech.net.au,index.php?option=com_content&amp;task=category&amp;sectionid=1&amp;id=1&amp;itemid=50,1,0,0,0,2,0,0,1,1,1,1,1,1,1
http,www.loginor.qc.ca,index_e.html,0,0,0,0,2,0,0,1,1,1,1,1,1,0
http,www.azzcardfile.com,,0,0,0,0,0,0,0,1,1,2,1,1,1,0
http,www.mxac.com.au,dragonfly.htm,0,0,0,0,2,0,0,1,1,1,1,1,1,0
http,www.tgslabs.com,,0,0,0,0,0,0,0,1,1,2,1,1,1,0
http,www.gammadyne.com,sb.htm,0,0,0,0,0,0,0,1,1,2,1,1,1,0
http,www.encodeteam.com,,0,0,0,0,0,0,0,1,1,1,1,1,1,0
http,www.msdsoft.com,agenda/eng/index.htm,0,0,0,0,0,0,1,1,1,2,1,1,1,0
http,www.inklineglobal.org,,0,0,0,0,0,0,0,1,1,1,1,1,1,0
http,www.neverforget.com,,0,0,0,0,0,0,1,1,1,1,1,1,1,0
http,www.cyber-matrix.com,prosched.html,0,0,0,1,0,0,1,1,1,1,1,1,1,0
http,www.1soft.com,aandb.html,0,0,0,0,0,0,1,1,1,2,1,1,1,0
http,www.ezoutliner.com,,0,0,0,0,0,0,0,1,1,1,1,1,1,0
http,www.xreminder.com,,0,0,0,0,0,0,0,1,1,1,1,1,1,0
http,www.inklineglobal.com,products/vdp/,0,0,0,0,0,0,0,1,1,2,1,1,1,0
http,www.wjjsoft.com,,0,0,0,0,0,0,1,1,1,2,1,1,1,0
http,www.personalmicrocosms.com,html/32bit.html,0,0,0,0,0,0,0,1,1,2,1,1,1,0
http,www.pollensoftware.com,task-o-matic/,0,0,0,0,0,0,0,1,1,2,1,1,1,0
http,www.angelfire.com,ia/anniversary/,0,0,0,0,0,0,0,1,1,0,1,1,1,0
http,www.bitsmithsoft.com,,0,0,0,0,0,0,1,1,1,2,1,1,1,0
http,www.mynotescenter.com,,0,0,0,0,0,0,0,1,1,2,1,1,1,0
http,www.csoftlab.com,,0,0,0,0,0,0,0,1,1,2,1,1,1,0
http,www.cancellieri.org,pmo_index.htm,0,0,0,0,0,0,0,1,1,1,1,1,1,0
http,softnote.com,,0,0,0,0,0,0,0,1,1,1,1,1,1,0
http,www.denverresearch.com,pim/home.shtml,0,0,0,0,0,0,0,1,1,2,1,1,1,0
http,www.jsoftconsulting.com,,0,0,0,0,0,0,0,1,1,1,1,1,1,0
http,www.cancellieri.org,,0,0,0,0,0,0,0,1,1,1,1,1,1,0
http,www.winpim.com,,0,0,0,0,0,0,0,1,1,1,1,1,1,0
http,www.cancellieri.org,apim_index.htm,0,0,0,0,0,0,0,1,1,1,1,1,1,0
http,www.freedomsoftware.net,,0,0,0,0,0,0,0,1,1,1,1,1,1,0
http,www.joels-journal.com,,0,0,0,1,0,0,0,1,1,1,1,1,1,1
http,www.pimone.com,,0,0,0,0,0,0,0,1,1,2,1,1,1,0
http,www.angelicsoftware.com,,0,0,0,0,0,0,0,1,1,2,1,1,1,0
http,www.freedomsoftware.net,notebook.html,0,0,0,0,0,0,0,1,1,1,1,1,1,0
http,www.geocities.com,angelicangelsnf/,0,0,0,0,0,0,0,1,1,0,1,1,1,0
http,home.insightbb.com,~bastshaman/index.html,0,0,0,0,0,0,0,1,1,2,1,1,1,0
http,www.bedoroses.com,,0,0,0,0,0,0,0,1,1,1,1,1,1,0
http,www.angelfire.com,ms/brikalacy/,0,0,0,0,0,0,0,1,1,0,1,1,1,0
http,castleglen.homestead.com,intro.html,0,0,0,0,0,0,0,1,1,1,1,1,1,0
http,catnipkids.homestead.com,cattery.html,0,0,0,0,0,0,0,1,1,1,1,1,1,0
http,www.geocities.com,demiaracats/cattery.html,0,0,0,0,0,0,0,1,1,0,1,1,1,0
http,www.geocities.com,himalayancats2000/index.html,0,0,0,0,0,0,0,1,1,0,1,1,1,0
http,everdreamhimalayan.tripod.com,,0,0,0,0,0,0,0,1,1,1,1,1,1,0
http,www.fancyfriends.com,,0,0,0,0,0,0,0,1,1,1,1,1,1,0
http,www.geocities.com,fluffydreamscatteryca/index.html,0,0,0,0,0,0,0,1,1,0,1,1,1,0
http,www.furpleasure.com,,0,0,0,0,0,0,0,1,1,1,1,1,1,0
http,godzanointed4him.homestead.com,,0,0,0,0,0,0,0,1,1,1,1,1,1,0
http,www.geocities.com,himicats/,0,0,0,0,0,0,0,1,1,0,1,1,1,0
http,www.itikat.com,,0,0,0,0,0,0,1,1,1,1,1,1,1,0
http,www.geocities.com,labonita_persians/,0,0,0,0,0,0,0,1,1,0,1,1,1,0
http,www.leclubfur.com,,0,0,0,0,0,0,0,1,1,1,1,1,1,0
http,www.geocities.com,luvhavencats/,0,0,0,0,0,0,0,1,1,0,1,1,1,0
http,sulebrity.homestead.com,,0,0,0,0,0,0,0,1,1,1,1,1,1,0
http,www.geocities.com,sunnylakes/,0,0,0,0,0,0,0,1,1,0,1,1,1,0
http,home19.inet.tele.dk,teahs/,0,0,0,0,2,0,0,1,1,2,1,1,1,1
http,www.tinyjewels.homestead.com,index.html,0,0,0,0,2,0,0,1,1,1,1,1,1,0
http,www.whisperwoodcats.com,,0,0,0,0,0,0,0,1,1,1,1,1,1,0
http,www.yewcats.com,,0,0,0,0,0,0,0,1,1,1,1,1,1,0
http,www.geocities.com,milhorn2002/index.html,0,0,0,0,0,0,0,1,1,0,1,1,1,0
http,www.pawsandpurrscattery.com,,0,0,0,0,0,0,0,1,1,1,1,1,1,0
http,home.earthlink.net,~sandypaws/,0,0,0,0,0,0,0,1,1,0,1,1,1,0
http,playwickeycats.com,index.shtml#top,0,0,0,0,0,0,0,1,1,1,1,1,1,0
http,www.ristokat.com,,0,0,0,0,0,0,1,1,1,1,1,1,1,0
http,www.catteryrow.com,pacificpurr/index.html,0,0,0,0,0,0,0,1,1,1,1,1,1,1
http,www.geocities.com,paisleypaws/,0,0,0,0,0,0,0,1,1,0,1,1,1,0
http,radzacatz.homestead.com,,0,0,0,0,0,0,0,1,1,1,1,1,1,0
http,www.members.tripod.com,izshe/,0,0,0,0,2,0,0,1,1,0,1,1,1,0
http,www.sunstreamcats.com,,0,0,0,0,0,0,0,1,1,1,1,1,1,1
http,www.himmikatz.com,,0,0,0,0,0,0,0,1,1,1,1,1,1,0
http,www.geocities.com,fuzzy_britches1/fuzzybritches.html,0,0,0,0,0,0,0,1,1,1,1,1,1,0
http,www.ma-liakatz.com,,0,0,0,1,0,0,0,1,1,1,1,1,1,1
http,www.ieasysite.com,sunshinezzz,0,0,0,0,0,0,0,1,1,2,1,1,1,0
http,www.pointedpurrs.com,,0,0,0,0,0,0,0,1,1,1,1,1,1,1
http,www.geocities.com,kitties2luv/,0,0,0,0,0,0,0,1,1,0,1,1,1,0
http,www.geocities.com,angelpawscattery2003/index.html,0,0,0,0,0,0,0,1,1,0,1,1,1,0
http,www.geocities.com,sunnybrookkittens/,0,0,0,0,0,0,0,1,1,0,1,1,1,0
http,www.geocities.com,heavenlymews/,0,0,0,0,0,0,0,1,1,0,1,1,1,0
http,www.purfectkittypersians.com,,0,0,0,0,0,0,0,1,1,1,1,1,1,1
http,www.geocities.com,maxnkoko/index.html,0,0,0,0,0,0,0,1,1,0,1,1,1,0
http,www.grovewoodcats.com,,0,0,0,0,0,0,0,1,1,1,1,1,1,0
http,www.lechatpaws.com,,0,0,0,0,0,0,0,1,1,1,1,1,1,1
http,kisancats.com,,0,0,0,0,0,0,0,1,1,1,1,1,1,1
http,www.lakehyco.com,,0,0,0,0,0,0,0,1,1,1,1,1,1,0
http,webpages.charter.net,sassipurrs/,0,0,0,0,0,0,0,1,1,0,1,1,1,0
http,rumscott.homestead.com,,0,0,0,0,0,0,0,1,1,1,1,1,1,0
http,sunshinezzz.ieasysite.com,,0,0,0,0,0,0,0,1,1,2,1,1,1,0
http,www.ozemail.com.au,~ebunny,0,0,0,0,2,0,0,1,1,2,1,1,1,0
http,planeta.terra.com.br,lazer/gatilmiragem,0,0,0,0,2,0,0,1,1,0,1,1,1,0
http,www.blazestar.com.br,,0,0,0,0,2,0,0,1,1,2,1,1,1,0
http,www.himalayan.org,,0,0,0,0,0,0,0,1,1,1,1,1,1,0
http,www.geocities.com,area51/dreamworld/9882/index.html,0,0,0,0,0,0,0,1,1,0,1,1,1,0
http,www.cfainc.org,breeds/profiles/persian-him.html,0,0,0,0,0,0,0,1,1,1,1,1,1,0
http,www.aaceinc.org,pages/breeds/him.htm,0,0,0,0,0,0,0,1,1,2,1,1,1,0
http,p.webring.com,hub?ring=himi,0,0,0,0,0,0,0,1,1,2,1,1,1,0
http,www.cfainc.org,breeds/profiles/japanese.html,0,0,0,0,0,0,0,1,1,1,1,1,1,0
http,www.breedlist.com,japanese-bobtail-breeders.html,0,0,0,0,0,0,1,1,1,1,1,1,1,0
http,www.japanesebobtails.com,,0,0,0,0,0,0,0,1,1,1,1,1,1,0
http,www.cfainc.org,breeds/profiles/articles/japanese.html,0,0,0,0,0,0,0,1,1,1,1,1,1,0
http,www.fanciers.com,breed-faqs/japanese-bobtail-faq.html,0,0,0,0,0,0,0,1,1,2,1,1,1,0
http,www.catchicats.com,,0,0,0,0,0,0,0,1,1,1,1,1,1,0
http,www.kiddlyn.com,,0,0,0,0,0,0,0,1,1,1,1,1,1,0
http,www.angelfire.com,il3/jakoi/,0,0,0,0,0,0,0,1,1,0,1,1,1,0
http,www.sailbourne.com,,0,0,0,0,0,0,0,1,1,1,1,1,1,0
http,www.janipurr.com,,0,0,0,0,0,0,0,1,1,1,1,1,1,0
http,www.geocities.com,kurisumasu_jbt/,0,0,0,0,0,0,0,1,1,0,1,1,1,0
http,members.shaw.ca,jbobtails/index.htm,0,0,0,0,0,0,0,1,1,0,1,1,1,0
http,www.solstans.co.uk,,0,0,0,0,2,0,0,1,1,1,1,1,1,1
http,www.goutokuji.com,,0,0,0,0,0,0,0,1,1,1,1,1,1,1
http,www.uvm.edu,~video/,0,0,0,0,0,0,0,1,1,0,1,1,1,0
http,learn.uvm.edu,focus/,0,0,0,0,0,0,0,1,1,0,1,1,1,0
http,www.uvm.edu,~gradcoll/,0,0,0,0,0,0,0,1,1,0,1,1,1,0
http,www.uvm.edu,academics/?page=grad.html&amp;sm=gm.html,0,0,0,0,0,0,0,1,1,0,1,1,1,0
http,www.uvm.edu,~histpres,0,0,0,0,0,0,0,1,1,0,1,1,1,0
http,www.uvm.edu,~biomed/,0,0,0,0,0,0,0,1,1,0,1,1,1,0
http,www.uvm.edu,~cnhs/,0,0,0,0,0,0,0,1,1,0,1,1,1,0
http,www.bsad.uvm.edu,,0,0,0,0,2,0,0,1,1,0,1,1,1,0
http,www.uvm.edu,~envprog/,0,0,0,0,0,0,0,1,1,0,1,1,1,0
http,www.uvm.edu,snr/,0,0,0,0,0,0,0,1,1,0,1,1,1,0
http,www.uvm.edu,snr/?page=master_phd_info/snr_doctor.html,0,0,0,0,0,0,0,1,1,0,1,1,1,0
http,www.uvm.edu,snr/?page=undergrads/enviro_sciences.html,0,0,0,0,0,0,0,1,1,0,1,1,1,0
http,www.uvm.edu,snr/?page=undergrads/forestry.html,0,0,0,0,0,0,0,1,1,0,1,1,1,0
http,www.uvm.edu,snr/?page=undergrads/natural_res.html,0,0,0,0,0,0,0,1,1,0,1,1,1,0
http,www.uvm.edu,snr/?page=undergrads/rec_management.html,0,0,0,0,0,0,0,1,1,0,1,1,1,0
http,www.uvm.edu,snr/?page=undergrads/wlfbio.html,0,0,0,0,0,0,0,1,1,0,1,1,1,0
http,www.uvm.edu,~dceweb/lane/,0,0,0,0,0,0,0,1,1,1,1,1,1,0
http,www.uvm.edu,~sacon/,0,0,0,0,0,0,0,1,1,0,1,1,1,0
http,www.uvm.edu,~ncow/,0,0,0,0,0,0,0,1,1,0,1,1,1,0
